{
    "SPEED": 16042.3,
    "P0": 101325,
    "T0": 288.2,
    "M": 13,
    "n1": 3,
    "n2": 0,
    "n3": 3,
    "CHANNEL": {
      "hub": [
        [-0.13093, 0.08994],
        [-0.08016, 0.08903],
        [-0.02936, 0.09093],
        [-0.00203, 0.09543],
        [0.02144, 0.1016],
        [0.04684, 0.10973],
        [0.07224, 0.11565],
        [0.09764, 0.11902],
        [0.12304, 0.12139],
        [0.14844, 0.12438],
        [0.17384, 0.12822],
        [0.19924, 0.13025],
        [0.20803, 0.13038],
        [0.22464, 0.13152],
        [0.25004, 0.13627],
        [0.27544, 0.14371],
        [0.30084, 0.14699],
        [0.32177, 0.14849],
        [0.36754, 0.15237],
        [0.3885, 0.1524],
        [0.42784, 0.1524]
      ],
      "shroud": [
        [-0.13093, 0.25654],
        [-0.08016, 0.25654],
        [-0.02936, 0.25654],
        [-0.00203, 0.25651],
        [0.02144, 0.2557],
        [0.04684, 0.25128],
        [0.07224, 0.24681],
        [0.09764, 0.2446],
        [0.12304, 0.24384],
        [0.14844, 0.24384],
        [0.17384, 0.24384],
        [0.19924, 0.24384],
        [0.20803, 0.24384],
        [0.22464, 0.24328],
        [0.25004, 0.23993],
        [0.27544, 0.23655],
        [0.30084, 0.23622],
        [0.32177, 0.23622],
        [0.36754, 0.23622],
        [0.3885, 0.23622],
        [0.42784, 0.23622]
      ]
    },
    "BLADES": [
      {
        "NAME": "R1",
        "TYPE": "ROTOR",
        "PROFILE": "{twostageR1:   0.7}",
        "TIP_CLEARANCE": 0.0004,
        "TC_CHORD": 0.09264,
        "CAMBER": [
          [0.251515, 12.55],
          [0.245025, 11.41],
          [0.23828, 10.34],
          [0.224685, 9.25],
          [0.210915, 10.76],
          [0.197025, 13.57],
          [0.18296, 17.57],
          [0.168645, 22.35],
          [0.153965, 27.92],
          [0.138835, 36.19],
          [0.12308, 47.79],
          [0.114895, 54.12],
          [0.10706, 60.74]
        ],
        "SOLIDITY": [
          [0.251515, 1.29],
          [0.245025, 1.327],
          [0.23828, 1.364],
          [0.224685, 1.446],
          [0.210915, 1.539],
          [0.197025, 1.646],
          [0.18296, 1.772],
          [0.168645, 1.923],
          [0.153965, 2.11],
          [0.138835, 2.348],
          [0.12308, 2.67],
          [0.114895, 2.879],
          [0.10706, 3.114]
        ],
        "INLET_ANGLE": [
          [0.2553, 66.61],
          [0.2488, 64.56],
          [0.24178, 62.83],
          [0.22753, 60.85],
          [0.21294, 59.01],
          [0.1981, 56.81],
          [0.18291, 54.27],
          [0.16723, 51.4],
          [0.15081, 47.44],
          [0.13349, 43.79],
          [0.11493, 41.4],
          [0.10503, 40.3],
          [0.09583, 39.35]
        ],
        "OUTLET_ANGLE": [
          [0.24773, 54.06],
          [0.24125, 53.15],
          [0.23478, 52.5],
          [0.22184, 51.6],
          [0.20889, 48.25],
          [0.19595, 43.24],
          [0.18301, 36.7],
          [0.17006, 29.05],
          [0.15712, 19.53],
          [0.14418, 7.6],
          [0.13123, -6.39],
          [0.12476, -13.82],
          [0.11829, -21.38]
        ],
        "MAX_REL_THICKNESSES": [
          [0.251515, 0.02903713298791],
          [0.245025, 0.029300872562749],
          [0.23828, 0.030048465266559],
          [0.224685, 0.033301002263175],
          [0.210915, 0.038834951456311],
          [0.197025, 0.045665551117349],
          [0.18296, 0.053563714902808],
          [0.168645, 0.061960276338515],
          [0.153965, 0.070396722725313],
          [0.138835, 0.077873254564984],
          [0.12308, 0.083217900905701],
          [0.114895, 0.08467400508044],
          [0.10706, 0.085486242386053]
        ],
        "STATIONS": [
          {
            "name": "station 1",
            "XY": [
              [0.02578, 0.2553],
              [0.02397, 0.2488],
              [0.02236, 0.24178],
              [0.02013, 0.22753],
              [0.01798, 0.21294],
              [0.01573, 0.1981],
              [0.01335, 0.18291],
              [0.01066, 0.16723],
              [0.00805, 0.15081],
              [0.00528, 0.13349],
              [0.00236, 0.11493],
              [0.0011, 0.10503],
              [0, 0.09583]
            ]
          },
          {
            "name": "station 2",
            "XY": [
              [0.06607, 0.24773],
              [0.06767, 0.24125],
              [0.06896, 0.23478],
              [0.07061, 0.22184],
              [0.0725, 0.20889],
              [0.075, 0.19595],
              [0.07806, 0.18301],
              [0.08128, 0.17006],
              [0.08514, 0.15712],
              [0.08837, 0.14418],
              [0.09014, 0.13123],
              [0.09065, 0.12476],
              [0.09104, 0.11829]
            ]
          }
        ]
      },
      {
        "NAME": "S1",
        "TYPE": "STATOR",
        "PROFILE": "{twostageS1: 0.7}",
        "TIP_CLEARANCE": 0.0004,
        "TC_CHORD": 0.05728,
        "CAMBER": [
          [0.24384, 55.81],
          [0.23791, 50.2],
          [0.2323, 46.51],
          [0.220775, 44.51],
          [0.209155, 44.16],
          [0.19753, 44.58],
          [0.18586, 45.72],
          [0.174125, 47.38],
          [0.162265, 49.5],
          [0.15034, 52.65],
          [0.13838, 57.68],
          [0.13239, 61.07],
          [0.1256, 65.07]
        ],
        "SOLIDITY": [
          [0.24384, 1.271],
          [0.23791, 1.303],
          [0.2323, 1.334],
          [0.220775, 1.405],
          [0.209155, 1.483],
          [0.19753, 1.57],
          [0.18586, 1.67],
          [0.174125, 1.783],
          [0.162265, 1.915],
          [0.15034, 2.069],
          [0.13838, 2.252],
          [0.13239, 2.358],
          [0.1256, 2.485]
        ],
        "INLET_ANGLE": [
          [0.24384, -38.83],
          [0.23786, -36.11],
          [0.23209, -34.47],
          [0.22033, -34.4],
          [0.20848, -34.81],
          [0.19659, -35.73],
          [0.1846, -37.09],
          [0.1725, -38.65],
          [0.16021, -40.55],
          [0.14777, -42.97],
          [0.13519, -46.08],
          [0.12883, -47.94],
          [0.12189, -50.04]
        ],
        "OUTLET_ANGLE": [
          [0.24384, 16.98],
          [0.23796, 14.1],
          [0.23251, 12.04],
          [0.22122, 10.11],
          [0.20983, 9.34],
          [0.19847, 8.86],
          [0.18712, 8.63],
          [0.17575, 8.73],
          [0.16432, 8.95],
          [0.15291, 9.68],
          [0.14157, 11.6],
          [0.13595, 13.12],
          [0.12931, 15.04]
        ],
        "MAX_REL_THICKNESSES": [
          [0.24384, 0.080307262569832],
          [0.23791, 0.079273616203946],
          [0.2323, 0.078212290502793],
          [0.220775, 0.076251963008201],
          [0.209155, 0.07434554973822],
          [0.19753, 0.072226099092812],
          [0.18586, 0.070095902353967],
          [0.174125, 0.068154087502179],
          [0.162265, 0.066016373454102],
          [0.15034, 0.063837189076361],
          [0.13838, 0.061631944444444],
          [0.13239, 0.060679611650485],
          [0.1256, 0.059639389736477]
        ],
        "STATIONS": [
          {
            "name": "station 1",
            "XY": [
              [0.12635, 0.24384],
              [0.12626, 0.23786],
              [0.12623, 0.23209],
              [0.12636, 0.22033],
              [0.12646, 0.20848],
              [0.12661, 0.19659],
              [0.1268, 0.1846],
              [0.12699, 0.1725],
              [0.12722, 0.16021],
              [0.1275, 0.14777],
              [0.12779, 0.13519],
              [0.12794, 0.12883],
              [0.12811, 0.12189]
            ]
          },
          {
            "name": "station 2",